"ID","first_name_female","last_name_female","address","ascii_free_email","ascii_company_email","city","company","company_email","credit_card_number","credit_card_expire","credit_card_security_code","credit_card_provider","currency","currency_code","date","date_of_birth","date_time","day_of_week","hostname","image_url","ipv4","ipv6","job","latlng","nif","password","phone_number","pricetag","profile","pyfloat","pyint","random_digit_not_null","random_int","region","rgb_color","secondary_address","state_name","swift","text","timezone","url","user_agent","user_name"
"1","Loida","Donoso","Camino Conrado Muro 6
Pontevedra, 05697","alfaroosvaldo1gmail.com","buenaventuravillena9miralles.net","Soria","Cerezo Group","mginerarranz.es","4891971546255270","10/28","783","VISA 16 digit","('PKR', 'Rupia pakistaní')","SZL","1993-11-03","2021-11-10","1983-06-23 23:22:18","sábado","lt-35.manjon.org","https://picsum.photos/476/941","99.64.156.109","b1bf:2752:6665:189b:fbfb:ad30:f202:c3e3","Vendedor por teléfono","(Decimal('-28.4618105'), Decimal('25.375863'))","38751991G","u0587hJ)(T","+34 949 02 14 26","8,85 €","{'job': 'Declarante de aduana', 'company': 'Vicente-Mendoza', 'ssn': '683-82-9271', 'residence': 'Paseo de Gabino Andrés 82\nLa Rioja, 34795', 'current_location': (Decimal('-19.197035'), Decimal('-6.589228')), 'blood_group': 'AB+', 'website': ['http://gimeno-barba.com/', 'https://porta.org/', 'http://www.goni.es/', 'http://www.aguirre.es/'], 'username': 'maristela77', 'name': 'Carla Vives Martínez', 'sex': 'F', 'address': 'Urbanización Cristian Zurita 73\nCádiz, 26599', 'mail': 'oliveramaria-pilar4hotmail.com', 'birthdate': datetime.date(1944, 6, 4)}","249.852024503017","3067","6","6582","Canarias","187,180,39","Puerta 6","Madrid","SZYIESDDC78","Nam quaerat distinctio ducimus. Error ullam ipsa rem est dolorem dolorum. Dicta dolorum quas ducimus deleniti sint. Illo maxime quae fugit eius ullam.","Europe/Belgrade","http://www.bastida-macias.com/","Mozilla/5.0 (Linux; Android 4.4.3) AppleWebKit/535.1 (KHTML, like Gecko) Chrome/18.0.812.0 Safari/535.1","bllabres"
"2","Lucila","Pacheco","Acceso Miriam Martin 38
Vizcaya, 48545","rosendo58hotmail.com","pinamarisa7aviles.es","León","Solé-Marco","ponsjose-francisco7manrique.com","180092907809684","01/24","565","Diners Club / Carte Blanche","('INR', 'Rupia india')","HRK","2020-04-29","1975-07-15","1983-02-18 16:25:12","jueves","desktop-44.pina-vargas.com","https://placeimg.com/865/858/any","149.65.171.174","ab62:edc3:1aab:cf38:378f:ef8b:eddb:b266","Profesional de nivel medio de servicios estadísticos o matemáticos","(Decimal('22.617742'), Decimal('-110.823303'))","96025662H","X0UVFqbp^3","+34902487834","47.339,63 €","{'job': 'Peletero', 'company': 'Quesada, Bermudez and Franch', 'ssn': '478-59-2983', 'residence': 'Camino de Eulalia Tejera 97 Piso 6 \nMurcia, 26175', 'current_location': (Decimal('21.074398'), Decimal('-129.999032')), 'blood_group': 'A-', 'website': ['http://lobo-iborra.com/', 'http://www.cadenas.com/'], 'username': 'evaricart', 'name': 'Gala Polo Vázquez', 'sex': 'F', 'address': 'Rambla Ascensión Español 95 Puerta 8 \nOurense, 17939', 'mail': 'ovallesyahoo.com', 'birthdate': datetime.date(1923, 11, 23)}","57.1479630056764","3426","6","3817","Canarias","185,110,7","Apt. 57","Lugo","CHQAESD6H5T","Facilis impedit adipisci est. Alias nisi pariatur repellat.
Culpa impedit illo consectetur deserunt. Iste ut voluptates aliquam voluptatibus.","Africa/Lagos","https://fernandez-macias.org/","Mozilla/5.0 (Macintosh; U; Intel Mac OS X 10_9_8) AppleWebKit/531.1 (KHTML, like Gecko) Chrome/13.0.803.0 Safari/531.1","leocadio29"
"3","Amada","Pavón","Pasaje Ileana Alemán 794
Huelva, 22780","raquel513yahoo.com","amarilisgranados7miralles.es","Ceuta","Sola-Hidalgo","fneira5reyes.org","348836386908600","12/31","541","JCB 16 digit","('FKP', 'Libra de las islas Falkland')","ANG","1999-10-27","2010-04-29","1978-07-18 03:51:12","sábado","db-63.seco.es","https://placeimg.com/447/671/any","17.137.41.196","8c3e:f401:e657:f9b1:72c8:2771:f097:2c50","Regulador y operador de máquinas y herramientas","(Decimal('52.9998485'), Decimal('-142.195513'))","94330013K","RA$5GFofq^","+34 884 452 345","72.960,59 €","{'job': 'Secretario ejecutivo', 'company': 'Aguiló-Carreras', 'ssn': '768-14-3987', 'residence': 'Pasadizo Feliciana Ariza 7\nCádiz, 28503', 'current_location': (Decimal('-2.707064'), Decimal('135.210592')), 'blood_group': 'B-', 'website': ['http://www.sarabia-herrero.net/', 'http://www.valcarcel.es/', 'https://adadia.es/', 'http://www.bayo.org/'], 'username': 'pineiromayte', 'name': 'Chucho Mateos-Rosselló', 'sex': 'M', 'address': 'Cañada de Nidia Duque 43 Puerta 5 \nSalamanca, 10306', 'mail': 'andradeconchayahoo.com', 'birthdate': datetime.date(1928, 4, 22)}","-365174360.250914","6286","2","3819","Ciudad Autónoma de Melilla","211,249,49","Puerta 2","Jaén","UZVAESHI","Quia reiciendis quisquam explicabo odio. Totam provident non voluptates placeat. Quisquam nemo iure a iusto.","Africa/Dar_es_Salaam","http://tovar.net/","Mozilla/5.0 (Android 3.2.1; Mobile; rv:55.0) Gecko/55.0 Firefox/55.0","etorralba"
"4","Maricruz","Barrera","Plaza de Mariano Salas 1
Ceuta, 37463","miguelcabrera7hotmail.com","cobosisabelabotella.org","Jaén","Ocaña-Castrillo","leopoldo617burgos.com","6547083849755692","12/28","324","Discover","('ZAR', 'Rand sudafricano')","KYD","1985-06-24","1999-10-30","2010-04-26 03:50:18","miércoles","laptop-86.zapata-villalonga.net","https://placeimg.com/688/701/any","147.173.220.174","7d2d:888b:93a6:2d0:8857:8dd2:c512:34f6","Gorjadore","(Decimal('-24.205449'), Decimal('35.403681'))","67694098S","jQ3JOr5x9A","+34 947 05 78 61","7.697,55 €","{'job': 'Productor y trabajador calificado de explotaciones agropecuarias mixtas', 'company': 'Villar-Carreras', 'ssn': '058-42-1878', 'residence': 'Pasaje de Norberto Quirós 964\nLleida, 17737', 'current_location': (Decimal('17.175047'), Decimal('-16.700217')), 'blood_group': 'B-', 'website': ['https://www.anton.com/', 'http://www.caro.net/'], 'username': 'nereidasacristan', 'name': 'Luis Marquez-Gaya', 'sex': 'M', 'address': 'Via de Julio César Busquets 9\nMelilla, 34107', 'mail': 'marco79yahoo.com', 'birthdate': datetime.date(1973, 6, 1)}","0.8809496171412","2397","4","8791","Comunitat Valenciana","135,240,211","Piso 1","Álava","ECZIESHS","Magnam nostrum soluta quis. Sunt labore architecto sint dolorum praesentium. Praesentium sequi labore repellat.","Africa/Djibouti","http://sevilla.es/","Mozilla/5.0 (compatible; MSIE 7.0; Windows NT 5.1; Trident/3.0)","solanafrancisco-javier"
"5","Alba","Nevado","Acceso Bruno Fabregat 4
Madrid, 26331","lcasalgmail.com","jaenaliciagamez.com","Ávila","Rozas PLC","valeriapujolcespedes.es","30251644824271","11/30","360","Discover","('KES', 'Chelín keniano')","AOA","1971-08-09","1974-09-05","1970-11-03 22:20:16","viernes","web-96.gual.com","https://dummyimage.com/536x970","151.143.252.150","4bd7:b5f0:6a2:72a9:7b37:ff3d:ed37:d0df","Empleado del servicio de personal","(Decimal('-24.9138825'), Decimal('115.935408'))","11679466C","8CM5JUOi91","+34927 08 19 56","297,86 €","{'job': 'Astrólogo', 'company': 'Lara, Amigó and Requena', 'ssn': '199-61-7354', 'residence': 'Avenida Ezequiel Cortes 681\nToledo, 04494', 'current_location': (Decimal('62.548004'), Decimal('166.305123')), 'blood_group': 'O-', 'website': ['https://www.ricart.es/', 'https://manrique.es/'], 'username': 'oguitart', 'name': 'Román del Villena', 'sex': 'M', 'address': 'Callejón de Eligia Valera 4\nMelilla, 11619', 'mail': 'lcasalsyahoo.com', 'birthdate': datetime.date(1966, 10, 1)}","-60908759912.5557","5509","4","7748","Cataluña","134,173,219","Piso 0","Teruel","DURAESV136E","Consequuntur voluptas error eos nesciunt magni. Officiis doloribus eaque. Rem officia sint odio a.
Pariatur illum excepturi fugit. Delectus a vitae vero vero eligendi facilis.","Africa/Bujumbura","http://barros.es/","Opera/8.17.(Windows NT 5.1; hu-HU) Presto/2.9.162 Version/11.00","kike70"
"6","Florentina","Taboada","Pasaje de Dalila Larrea 46
Melilla, 43176","fidelabarrosogmail.com","jdieguez2escamilla-amaya.org","Huesca","Marcos, Romero and Herrero","germanpriegoexposito-patino.es","4825341916027","03/30","756","VISA 16 digit","('YER', 'Rial yemení')","LRD","1990-04-22","2017-10-13","1995-02-08 14:31:39","lunes","srv-47.ribas.es","https://dummyimage.com/340x1021","109.187.144.222","18f8:e472:164d:7df1:7bd2:ff6:60ad:b10b","Impresor","(Decimal('21.0463255'), Decimal('54.927408'))","92309205Q","G_v0kZz&qg","+34 971344115","72,06 €","{'job': 'Curtidor', 'company': 'Mendoza-Aparicio', 'ssn': '524-66-3858', 'residence': 'Urbanización de Máximo Ariño 357\nCastellón, 34401', 'current_location': (Decimal('-24.873897'), Decimal('8.993177')), 'blood_group': 'A+', 'website': ['https://canas.es/'], 'username': 'charo80', 'name': 'Marco Perea Cañellas', 'sex': 'M', 'address': 'Camino de Jeremías Sastre 5 Piso 8 \nAsturias, 03114', 'mail': 'espinosamaristelagmail.com', 'birthdate': datetime.date(1954, 9, 29)}","-28118940928.6795","7775","8","4290","Cantabria","159,97,32","Apt. 17","Guadalajara","DSXZESWCT3U","Consequuntur sed voluptate natus odio fugiat. Quaerat amet incidunt facilis error molestias. Consequatur fugiat similique iure quia.","America/Tegucigalpa","http://cuervo.es/","Mozilla/5.0 (Windows; U; Windows NT 6.0) AppleWebKit/532.29.7 (KHTML, like Gecko) Version/5.0.4 Safari/532.29.7","xroman"
"7","María Dolores","Colom","Via de Emiliana Cal 47
Las Palmas, 12829","jponthotmail.com","barbarayustegomez-conesa.es","Segovia","Flor, Fonseca and Izaguirre","danielplana3rosello.es","4484305280333","02/24","551","American Express","('KES', 'Chelín keniano')","BTN","1986-08-27","1994-03-30","1973-10-14 07:55:48","martes","srv-59.cerro.com","https://placekitten.com/769/830","129.163.146.49","9b48:e0ea:2b9f:ae22:ed48:2e88:c357:9182","Técnico en química industrial","(Decimal('75.428655'), Decimal('-90.687204'))","10226102A","K7vAfITi0","+34 928608069","98,97 €","{'job': 'Cocinero', 'company': 'Giménez-Peñalver', 'ssn': '710-74-3743', 'residence': 'Cuesta Gustavo Pombo 27 Puerta 0 \nBadajoz, 34254', 'current_location': (Decimal('23.4821575'), Decimal('66.068946')), 'blood_group': 'A+', 'website': ['https://www.tejera.es/', 'http://marques.es/', 'https://borrell.es/', 'https://herranz-boix.com/'], 'username': 'fortunatolillo', 'name': 'Francisca del Sierra', 'sex': 'F', 'address': 'Pasaje de Abigaíl Seco 40 Apt. 23 \nSalamanca, 43984', 'mail': 'melania831yahoo.com', 'birthdate': datetime.date(2006, 11, 29)}","-9384315909659.86","6560","8","9008","Galicia","149,0,35","Piso 1","Valencia","MSGPESLY7I2","Sequi omnis minima rem nisi. Ducimus quos dicta facere. Eaque ab nam quibusdam. Eligendi voluptas incidunt iste debitis ex.
Accusantium id deleniti maxime aperiam. Sed maxime occaecati in.","Asia/Thimphu","https://www.gil-bermudez.org/","Mozilla/5.0 (iPhone; CPU iPhone OS 10_3_3 like Mac OS X) AppleWebKit/536.0 (KHTML, like Gecko) CriOS/46.0.832.0 Mobile/17Y433 Safari/536.0","bernadrene"
"8","Josefa","Ballester","Callejón Narcisa Mascaró 44
León, 23183","agudoale1hotmail.com","blascojuan-bautistatamarit.com","Las Palmas","Cuesta-Pino","agustinaexposito5bosch.com","377540611525288","08/29","166","JCB 16 digit","('NZD', 'Dólar neozelandés')","GMD","1973-10-15","1917-01-06","2019-02-07 15:58:11","sábado","lt-78.blazquez.com","https://picsum.photos/88/202","69.134.126.39","918a:c4cc:dc5f:80aa:4cf8:6a01:5259:8a1e","Árbitro deportivo","(Decimal('64.7259905'), Decimal('-55.870433'))","82353538Z","72VOIV4l_m","+34 972717100","9,10 €","{'job': 'Trabajador agropecuario de subsistencia', 'company': 'Maldonado, Vélez and Sancho', 'ssn': '299-63-7507', 'residence': 'Acceso Rosa María Salcedo 34 Piso 6 \nCáceres, 42287', 'current_location': (Decimal('-86.504850'), Decimal('-156.532715')), 'blood_group': 'AB+', 'website': ['https://www.espinosa-garzon.com/', 'http://toro.es/'], 'username': 'felix63', 'name': 'Ramón Palomo-Arcos', 'sex': 'M', 'address': 'Alameda Alfredo Duran 23\nAlmería, 40819', 'mail': 'qsalomgmail.com', 'birthdate': datetime.date(1986, 4, 16)}","61256.6600132213","312","2","3179","Comunidad Foral de Navarra","223,138,128","Puerta 4","Ourense","UVKHESHQ","Rem voluptate molestias saepe. Natus laborum deserunt quas maiores laboriosam ut. Praesentium eaque numquam rem rerum doloremque cumque.
Dolore quam molestiae libero quasi quo. Optio et illo qui.","Asia/Samarkand","https://marin.es/","Mozilla/5.0 (Windows; U; Windows NT 5.1) AppleWebKit/534.15.1 (KHTML, like Gecko) Version/5.0.1 Safari/534.15.1","gonzalo11"
"9","Dominga","Vigil","Alameda Juanita Morera 59
Badajoz, 20423","candelasbarba4gmail.com","ybolanosbru.com","Segovia","Valls, Pellicer and Ramirez","evaherrera5echeverria.es","3512095929676547","11/29","682","JCB 16 digit","('SCR', 'Rupia seychellense')","PKR","1990-02-28","2009-06-28","1978-09-14 07:58:27","domingo","db-66.casal-nogues.es","https://dummyimage.com/671x252","23.62.23.111","c1f1:8a34:1816:d89f:f5ab:1a9b:2b62:59ad","Revisor y cobrador de los transportes públicos","(Decimal('-62.485576'), Decimal('-53.501971'))","71713037A","m6bDW&ko(j","+34921 031 569","1.727,06 €","{'job': 'Asistente fisioterapeuta', 'company': 'Cueto, Poza and Caro', 'ssn': '899-66-1972', 'residence': 'Plaza Juan Bautista Olivera 13\nCórdoba, 40589', 'current_location': (Decimal('78.0124325'), Decimal('-156.673258')), 'blood_group': 'O-', 'website': ['http://www.manso.es/', 'https://www.gual.net/', 'https://simo.com/'], 'username': 'veronicagarzon', 'name': 'Rosaura Zorrilla Frutos', 'sex': 'F', 'address': 'Camino Isabela Galvez 2 Puerta 1 \nCeuta, 42147', 'mail': 'inocencioplana4gmail.com', 'birthdate': datetime.date(1955, 8, 11)}","89727692560.5433","7417","2","2835","Galicia","85,27,177","Piso 1","Badajoz","CAOJESR06Z3","Cupiditate totam nam unde. Quaerat incidunt repudiandae labore quo commodi.
Aspernatur repellat minima atque eaque quod dolorum. Saepe impedit dolor quae. Commodi ea corrupti nisi recusandae.","Asia/Kashgar","https://www.mendez.com/","Mozilla/5.0 (compatible; MSIE 5.0; Windows NT 6.0; Trident/4.1)","xpuig"
"10","Jessica","Santamaria","Calle de Diana Reyes 24
Granada, 25807","guzmanesmeraldayahoo.com","manolo126barcelo.org","Lugo","Nevado and Sons","candidofalcon7laguna-grau.es","4927541970420555","07/25","641","JCB 16 digit","('GTQ', 'Quetzal guatemalteco')","SVC","1970-04-04","1965-02-02","1985-01-07 05:23:53","miércoles","desktop-63.mendizabal.org","https://placeimg.com/456/1/any","26.48.229.115","fada:df1:9277:85a7:a29e:930f:8906:c6ff","Limpiador y asistente de oficinas, hoteles y otros establecimientos","(Decimal('-15.024392'), Decimal('-175.115704'))","54274716Y","&1vIbmDpu7","+34 925029315","5.498,22 €","{'job': 'Electrotécnico', 'company': 'Gimenez, Alemany and Nicolás', 'ssn': '836-97-0592', 'residence': 'Rambla de Asdrubal Ramos 71 Piso 7 \nSanta Cruz de Tenerife, 51649', 'current_location': (Decimal('53.297165'), Decimal('-75.451743')), 'blood_group': 'AB-', 'website': ['http://macias.es/'], 'username': 'andresbernardino', 'name': 'Isaac Plana Llabrés', 'sex': 'M', 'address': 'Cañada Rosalinda Zapata 81 Piso 0 \nOurense, 39066', 'mail': 'sarevaloyahoo.com', 'birthdate': datetime.date(1987, 10, 4)}","7494.85752514876","981","6","4694","Principado de Asturias","1,159,206","Puerta 7","Vizcaya","XZBLESTH","Odit asperiores error officia est sapiente ea. Repellat ea minima totam.
Doloremque quos autem cumque deleniti. Illum corporis similique dolorem facere debitis.","Africa/Luanda","http://pomares-marquez.com/","Mozilla/5.0 (Macintosh; PPC Mac OS X 10_5_9 rv:3.0; te-IN) AppleWebKit/532.21.6 (KHTML, like Gecko) Version/5.0.2 Safari/532.21.6","lnavas"
